{"metadata":{"asset_id":"43c82f34-b2c9-4ac5-ba49-948ff2a30d43","asset_attributes":["notebook"],"name":"SQL Notebook for Peer Assignment","asset_type":"notebook","created_at":"2023-07-03T22:10:37Z","description":"","origin_country":"us","owner_id":"IBMid-664003YZWZ","project_id":"4c5762a6-acb4-4f6e-b62c-a3dc1c50e012","size":23193,"tags":["notebook"],"usage":{"last_update_time":1688422370205,"last_updated_at":"2023-07-03T22:12:50Z"}},"entity":{"notebook":{"originates_from":{"type":"file"},"kernel":{"name":"python3","display_name":"Python 3.10","language":"python"},"runtime":{"environment":"rt222pys2-4c5762a6-acb4-4f6e-b62c-a3dc1c50e012"}},"location_definition":{"physical_location_code":"DAL","physical_location_code_assigned_by":"IBMid-664003YZWZ","physical_location_code_rds_id":"c57cb90f-2126-3800-9c9f-9eab82021cdf","physical_location_code_rds_version":"00002022-0920-4185-8504-939948000000_2","physical_location_code_assignment_method":"INFERRED","physical_location_code_added_on":"1687384224201"}},"attachments":[{"id":"06dc4493-649b-42a6-917d-99515dbdd2d8","version":2,"asset_type":"notebook","name":"attachment for notebook 43c82f34-b2c9-4ac5-ba49-948ff2a30d43","description":"attachment for notebook 43c82f34-b2c9-4ac5-ba49-948ff2a30d43","mime":"application/json","datasource_type":"193a97c1-4475-4a19-b90c-295c4fdc6517","object_key":"notebook/SQL_Notebook_for_Peer_Assignment_5_TxuLnZW.ipynb","creator_id":"IBMid-664003YZWZ","create_time":1688422238347,"size":23193,"is_remote":false,"is_managed":false,"is_referenced":true,"is_object_key_read_only":false,"is_user_provided_path_key":true,"transfer_complete":true,"is_partitioned":false,"complete_time_ticks":1688422238347,"user_data":{},"test_doc":0,"handle":{"bucket":"applieddatasciencecapstone-donotdelete-pr-7udabdaaabmlbp","location":"us-south","type":"bluemix_cos","key":"notebook/SQL_Notebook_for_Peer_Assignment_5_TxuLnZW.ipynb","upload_id":"done","max_part_num":1},"usage":{"access_count":1,"last_accessor_id":"IBMid-664003YZWZ","last_access_time":1688422370191,"last_updater_id":"IBMid-664003YZWZ","last_update_time":1688422370191}}]}
