{"metadata":{"asset_id":"5a6701e5-e446-4dd4-836c-3e1086f12bb8","asset_attributes":["notebook"],"name":"Data Collection with Web Scraping","asset_type":"notebook","created_at":"2023-06-22T21:32:47Z","description":"","origin_country":"us","owner_id":"IBMid-664003YZWZ","project_id":"4c5762a6-acb4-4f6e-b62c-a3dc1c50e012","size":39268,"tags":["notebook"],"usage":{"last_update_time":1687469694193,"last_updated_at":"2023-06-22T21:34:54Z"}},"entity":{"notebook":{"originates_from":{"type":"file"},"kernel":{"name":"python3","display_name":"Python 3.10","language":"python"},"runtime":{"environment":"rt222pys2-4c5762a6-acb4-4f6e-b62c-a3dc1c50e012"}},"location_definition":{"physical_location_code":"DAL","physical_location_code_assigned_by":"IBMid-664003YZWZ","physical_location_code_rds_id":"c57cb90f-2126-3800-9c9f-9eab82021cdf","physical_location_code_rds_version":"00002022-0920-4185-8504-939948000000_2","physical_location_code_assignment_method":"INFERRED","physical_location_code_added_on":"1687384224201"}},"attachments":[{"id":"c972a642-3329-485d-b64f-d9e6445e4bab","version":2,"asset_type":"notebook","name":"attachment for notebook 5a6701e5-e446-4dd4-836c-3e1086f12bb8","description":"attachment for notebook 5a6701e5-e446-4dd4-836c-3e1086f12bb8","mime":"application/json","datasource_type":"193a97c1-4475-4a19-b90c-295c4fdc6517","object_key":"notebook/Data_Collection_with_Web_Scraping_o3fMqxhZ5.ipynb","creator_id":"IBMid-664003YZWZ","create_time":1687469568294,"size":39268,"is_remote":false,"is_managed":false,"is_referenced":true,"is_object_key_read_only":false,"is_user_provided_path_key":true,"transfer_complete":true,"is_partitioned":false,"complete_time_ticks":1687469568294,"user_data":{},"test_doc":0,"handle":{"bucket":"applieddatasciencecapstone-donotdelete-pr-7udabdaaabmlbp","location":"us-south","type":"bluemix_cos","key":"notebook/Data_Collection_with_Web_Scraping_o3fMqxhZ5.ipynb","upload_id":"done","max_part_num":1},"usage":{"access_count":1,"last_accessor_id":"IBMid-664003YZWZ","last_access_time":1687469694169,"last_updater_id":"IBMid-664003YZWZ","last_update_time":1687469694169}}]}
