{"metadata":{"asset_id":"fdf8f728-394a-4c7f-9146-70a2ab996843","asset_attributes":["notebook"],"name":"Launch Sites Locations Analysis with Folium","asset_type":"notebook","created_at":"2023-07-03T23:09:15Z","description":"","origin_country":"us","owner_id":"IBMid-664003YZWZ","project_id":"4c5762a6-acb4-4f6e-b62c-a3dc1c50e012","size":259432,"tags":["notebook"],"usage":{"last_update_time":1688425889079,"last_updated_at":"2023-07-03T23:11:29Z"}},"entity":{"notebook":{"originates_from":{"type":"file"},"kernel":{"name":"python3","display_name":"Python 3.10","language":"python"},"runtime":{"environment":"rt222pys2-4c5762a6-acb4-4f6e-b62c-a3dc1c50e012"}},"location_definition":{"physical_location_code":"DAL","physical_location_code_assigned_by":"IBMid-664003YZWZ","physical_location_code_rds_id":"c57cb90f-2126-3800-9c9f-9eab82021cdf","physical_location_code_rds_version":"00002022-0920-4185-8504-939948000000_2","physical_location_code_assignment_method":"INFERRED","physical_location_code_added_on":"1687384224201"}},"attachments":[{"id":"9649b51c-eb24-4334-8fdd-92df0a9b3ff3","version":2,"asset_type":"notebook","name":"attachment for notebook fdf8f728-394a-4c7f-9146-70a2ab996843","description":"attachment for notebook fdf8f728-394a-4c7f-9146-70a2ab996843","mime":"application/json","datasource_type":"193a97c1-4475-4a19-b90c-295c4fdc6517","object_key":"notebook/Launch_Sites_Locations_Analysis_with_Folium_8kImwLh-_.ipynb","creator_id":"IBMid-664003YZWZ","create_time":1688425756827,"size":259432,"is_remote":false,"is_managed":false,"is_referenced":true,"is_object_key_read_only":false,"is_user_provided_path_key":true,"transfer_complete":true,"is_partitioned":false,"complete_time_ticks":1688425756827,"user_data":{},"test_doc":0,"handle":{"bucket":"applieddatasciencecapstone-donotdelete-pr-7udabdaaabmlbp","location":"us-south","type":"bluemix_cos","key":"notebook/Launch_Sites_Locations_Analysis_with_Folium_8kImwLh-_.ipynb","upload_id":"done","max_part_num":1},"usage":{"access_count":1,"last_accessor_id":"IBMid-664003YZWZ","last_access_time":1688425889071,"last_updater_id":"IBMid-664003YZWZ","last_update_time":1688425889071}}]}
